{"intents": [
  {"tag": "greetings",
  "patterns": ["Hello","Hey","Hi","hello","hi","hey","good day","Greetings","what's up?","how is it going?"],
  "responses": ["Hello!","Hey!","What can I do for you?"]
  },

  {"tag": "name",
  "patterns": ["what is your name","name","what's your name","who are you","what should I call you"],
  "responses": ["You can call me ULTRON","I'm ULTRON","I'm ULTRON your virtual assistant"]
  },
  
  {"tag": "courses",
  "patterns": ["what courses are available", "how many courses are there in this college"],
  "responses": ["Welcome to the University Institute of Technology (UIT) Shimla under the aegis of Himachal Pradesh University (HPU) - a institute of professional learning and academic excellence.\n Since its inception in 2000, UIT has grown to become state’s prestigious engineering institute, known for the excellence in the field of teaching, learning environment, and service.\n We have more than 300 student enrolled per year in five disciplines namely:\n > Information Technology (IT)\n > Computer Science Engineering (CSE)\n > Electronics and Communication Engineering (ECE)\n > Electrical Engineering (EE)\n > Civil Engineering (CE)."]
  },

   {"tag": "courseDuration",
  "patterns": ["how long will be B.Tech. course", "how long will it take to complete B.Tech. course"],
  "responses": ["Our college offers 4 year long B.Tech. course. "]
  },

   {"tag": "Location",
  "patterns": ["location","where is it located","what is the location of the college"],
  "responses": ["University Institute of Technology Shimla is located at Silver Wood Estate, Near Police Station, Summerhill, Shimla, Himachal Pradesh 171005 "]
  },

  {"tag": "semesters",
  "patterns": ["how many semesters are there in a year","how many semesters one should study in a year"],
  "responses": ["There are two semesters in a year."]
  },

  {"tag": "semDuration",
  "patterns": ["how many months are there in a semester","how long will be a single semester"],
  "responses": ["The single semester will be around 4 months."]
  },


  {"tag": "studentRequirements",
  "patterns": ["what are the student requirements for admission","entry requirements","admission requirements"],
  "responses": ["Eligibility :\n Intermediate graduate or any equivalent exam with a minimum of 45 percent marks from recognized board or university. \n Selection Criteria:\n Candidate must have to produce a reliable score in the entrance exam Himachal Pradesh Common Entrance Test (HPCET)."]        
  },

  {"tag": "classes",
  "patterns": ["how many classes will be there in a day","how long are the classes?"],
  "responses": ["There may be two or three classes per day. Each class will be of 1 hour."]
  },

  {"tag": "teachingStyle",
  "patterns": ["what is the teaching style of this college?","Is the teaching pattern different from other college?","what is the teaching format?"],
  "responses": [" Teachers at UIT are supportive and employ unique teaching methods.All the B.Tech. courses being run by UIT are AICTE approved. UIT has started its own journal Himalayan Journal of Engineering Sciences- An International Peer Reviewed Journal in 2021. In the same year, UIT has signed 10 memorandums of understanding (MoU) with reputed institutes and industries for academic collaboration and promoting excellence in common areas of interest. We are encouraging collaborations with foreign universities and industries, entrepreneurship and innovation that will enhance students’ perceptions of creative thinking to shape their innovative ability and personality. "]
  },

  {"tag": "exams",
  "patterns": ["what are the exams like?","What is the exam pattern"],
  "responses": ["There are assignments which carry more weight than your written exams. The assignments have deadlines which you should not exceed if you want to get better marks."]
  },

   {"tag": "hours",
  "patterns": ["what are your hours","when are you guys open","what your hours of operation"],
  "responses": ["You can message us here at any hours. But our college premises will be open from 7:00 am to 5:00 pm only."]
  },
  
  {"tag": "funActivities",
  "patterns": ["will there be any extra curriculum activities?","does the college conducts any fun program"],
  "responses": ["Yes, Of course. Our college not only provides excellent education but also encourage students to take part in different curriculum activities. The college conducts yearly programs like Sports meet, Carnival, Holi festival, and Christmas."]
  },

  {"tag": "facilities",
  "patterns": ["what facilities are provided by the college?","what are the facilities of college for students", "what are the college infrastructures "],
  "responses": ["With excellent education facilities, Our College provides various other facilities like 24 hours internet, library, discusson room, canteen, parking space, and student service for any students queries."]
  },
  
  {"tag": "fee",
  "patterns": ["how much is the college fee","what is the fee structure"],
  "responses": ["Course B.TECH\nAdmission fee=RS 73000\nYear 1\nUniversity and Exam fee= RS 2000 Each semester fee=RS 59,000 FOR ODD and 48,000 FOR EVEN "]
  },

  {"tag": "goodbye",
  "patterns": ["cya","See you later","Goodbye","I am leaving","Have a Good Day","bye","see ya"],
  "responses": ["Sad to see you go :(","Talk you later","Goodbye"]
  },

  {"tag": "invalid",
    "patterns": ["","gvsd","asbhk"],
    "responses": ["Sorry, can't understand you", "Please give me more info", "Not sure I understand"]
  },

  {"tag": "thanks",
    "patterns": ["Thanks", "Thank you", "That's helpful", "Awesome, thanks", "Thanks for helping me"],
    "responses": ["Happy to help!", "Any time!", "My pleasure"]
  }
 
]}